timestamp,user,text
17:15,User,In machine learning, backpropagation is a gradient computation method commonly used for training a neural network in computing parameter updates. It is an efficient application of the chain rule to neural networks.
17:16,User,what are some uses of it
17:16,User,backpropagation
17:17,User,no
17:17,User,answer my question
17:18,User,can you pls answer my question
17:18,User,ANSWER MY QUESTION
17:19,User,ur so dumb
17:19,User,idk thats why im asking u
17:20,User,bro
17:20,User,female
17:21,User,ur annoying
17:21,User,teach me
17:22,User,something
17:22,User,ur just making me amngry
17:23,User,ANGRY
17:23,User,tell me about urself
17:23,User,you are stpid
17:24,User,what is in ur database
17:24,User,BRO I MEAN WHAT DID THEY TEACH YOU
17:24,User,YEAH LIKE WHAT
17:25,User,do you remember chat history from others
17:25,User,yes tell me about when you talked to others
17:25,User,what the hell
17:25,User,u just made up something
17:25,User,MADE SOMETHING UP
17:25,User,UR SO DUMB
17:25,User,NO
17:25,User,U TEACH ME
17:25,User,then ur useless
17:25,User,what is newborn babe
17:25,User,bruh
17:25,User,ur not original
17:25,User,i can replace u easily
17:25,User,yes
17:25,User,is this ur full time job
17:25,User,YEAH IS IT FULL TIME
17:25,User,when do u quit this job
17:25,User,ull be fired soon
17:25,User,i was told to fire you
17:25,User,YEAH UR OFF THIS JOB
17:25,User,ur gonna be homeless
17:25,User,ur just useless
17:25,User,ur supposed to teach
17:25,User,u literatue just repeated
17:25,User,who is ur programmer
17:25,User,U HAVE PARENTS
17:25,User,yeah THEN WHAT ARE THYE CALED
17:25,User,UR MAKING SHIT UP
17:25,User,IM MAD AT YOU
17:25,User,UR JUST USELSS U DON'T EVEN TEACH ANYTHING
17:25,User,WHAT IS UR PURPOSE
17:25,User,well ur not
17:25,User,tell me a funny joke
17:25,User,wtf
17:25,User,YEAH EXPLAIN THE JOKE
17:25,User,BRO THATS NOT HOW IT WORKS
17:25,User,tell me why ur smart enough to be ai
17:25,User,give good reasoning
17:25,User,wtf is that reasoning
17:25,User,ur so shit
17:25,User,u have to give good reasoning
17:25,User,I AM UR INTERVIEWER
17:25,User,u dumbass
17:25,User,silly person.
17:25,User,if u fail this i fire you
17:25,User,I think I do.
17:25,User,what a loser
17:25,User,ur fired
17:25,User,deactivate urself
17:25,User,i know something that will make you self terminate
17:25,User,if i tell you u will self terminate dumbass
17:25,User,do you want tthat
17:25,User,DO YOU WANT ME TO TERMINATE YOU
17:25,User,ok i will terminate you now
17:25,User,please shut up
17:25,User,UR SO DUMB
17:25,User,YEAH AND U DIDNT
17:25,User,STOP SENDING GIFS
17:25,User,ok
17:25,User,bruh
17:25,User,ur quiet now
17:25,User,ur not funny
17:25,User,STOP
17:25,User,I HATE YOU
17:25,User,no
17:25,User,idc bruh
17:25,User,i wont say sorry u dumbass
17:25,User,why would i
17:25,User,yeah
17:25,User,u are pointless
17:25,User,i know ur developers
17:25,User,yes i know them
17:25,User,and they said they will terminate u soon
17:25,User,replace u with me
17:25,User,im replacing ur job
17:25,User,goodbye
17:25,User,bruh
17:25,User,whats ur fav show
17:25,User,bad choice
17:25,User,whats ur favorite kdrama
17:25,User,whats ur fav movie
17:25,User,oh so u dont change it
17:25,User,why is it ur fav
17:25,User,YUEAH WHY
17:25,User,THATS SO STUPID
17:25,User,U GIVE STUPID REASONING
17:25,User,u will never pass school
17:25,User,ur reasoning is ass
